time_s,T_C,laser_on
0.000000000000000000e+00,2.446814044213264339e+01,1.000000000000000000e+00
1.000000000000000000e+01,2.446814044213264339e+01,1.000000000000000000e+00
2.000000000000000000e+01,2.446814044213264339e+01,1.000000000000000000e+00
3.000000000000000000e+01,2.446814044213264339e+01,1.000000000000000000e+00
4.000000000000000000e+01,2.446814044213264339e+01,1.000000000000000000e+00
5.000000000000000000e+01,2.446814044213264339e+01,1.000000000000000000e+00
6.000000000000000000e+01,2.446814044213264339e+01,1.000000000000000000e+00
7.000000000000000000e+01,2.446814044213264339e+01,1.000000000000000000e+00
8.000000000000000000e+01,2.446814044213264339e+01,1.000000000000000000e+00
9.000000000000000000e+01,2.446814044213264339e+01,1.000000000000000000e+00
1.000000000000000000e+02,2.446814044213264339e+01,1.000000000000000000e+00
1.100000000000000000e+02,2.446814044213264339e+01,1.000000000000000000e+00
1.200000000000000000e+02,2.446814044213264339e+01,1.000000000000000000e+00
1.300000000000000000e+02,2.446814044213264339e+01,1.000000000000000000e+00
1.400000000000000000e+02,2.441479648195534224e+01,1.000000000000000000e+00
1.500000000000000000e+02,2.437083840205825425e+01,1.000000000000000000e+00
1.600000000000000000e+02,2.653673951647860108e+01,1.000000000000000000e+00
1.700000000000000000e+02,2.900252271021808781e+01,1.000000000000000000e+00
1.800000000000000000e+02,3.073644028692478969e+01,1.000000000000000000e+00
1.900000000000000000e+02,3.159376558487259246e+01,1.000000000000000000e+00
2.000000000000000000e+02,3.192052239327712471e+01,1.000000000000000000e+00
2.100000000000000000e+02,3.203280338940391658e+01,1.000000000000000000e+00
2.200000000000000000e+02,3.220233883785206785e+01,1.000000000000000000e+00
2.300000000000000000e+02,3.284227992412060360e+01,1.000000000000000000e+00
2.400000000000000000e+02,3.326315887597820620e+01,1.000000000000000000e+00
2.500000000000000000e+02,3.386318715208349772e+01,1.000000000000000000e+00
2.600000000000000000e+02,3.478039720159775072e+01,1.000000000000000000e+00
2.700000000000000000e+02,3.506527119426149852e+01,1.000000000000000000e+00
2.800000000000000000e+02,3.551376595774429745e+01,1.000000000000000000e+00
2.900000000000000000e+02,3.577714156540867663e+01,1.000000000000000000e+00
3.000000000000000000e+02,3.603797698449318432e+01,1.000000000000000000e+00
3.100000000000000000e+02,3.628001733853487565e+01,1.000000000000000000e+00
3.200000000000000000e+02,3.680562663422681169e+01,1.000000000000000000e+00
3.300000000000000000e+02,3.704291287386215004e+01,1.000000000000000000e+00
3.400000000000000000e+02,3.703567683208187589e+01,1.000000000000000000e+00
3.500000000000000000e+02,3.740836211436906922e+01,1.000000000000000000e+00
3.600000000000000000e+02,3.752976215445278285e+01,1.000000000000000000e+00
3.700000000000000000e+02,3.792492150273516671e+01,1.000000000000000000e+00
3.800000000000000000e+02,3.805346514348568832e+01,1.000000000000000000e+00
3.900000000000000000e+02,3.827441028007326196e+01,1.000000000000000000e+00
4.000000000000000000e+02,3.852807646356032478e+01,1.000000000000000000e+00
4.100000000000000000e+02,3.859045479474188056e+01,1.000000000000000000e+00
4.200000000000000000e+02,3.865283312592342924e+01,1.000000000000000000e+00
4.300000000000000000e+02,3.871521145710498502e+01,1.000000000000000000e+00
4.400000000000000000e+02,3.918526597405744383e+01,1.000000000000000000e+00
4.500000000000000000e+02,3.942854146566549645e+01,1.000000000000000000e+00
4.600000000000000000e+02,3.952647156154014141e+01,1.000000000000000000e+00
4.700000000000000000e+02,3.972051050799109362e+01,1.000000000000000000e+00
4.800000000000000000e+02,3.993453304808645754e+01,1.000000000000000000e+00
4.900000000000000000e+02,4.016200033247726964e+01,1.000000000000000000e+00
5.000000000000000000e+02,4.036660980372963792e+01,1.000000000000000000e+00
5.100000000000000000e+02,4.054961407777171445e+01,1.000000000000000000e+00
5.200000000000000000e+02,4.080309110654342675e+01,1.000000000000000000e+00
5.300000000000000000e+02,4.107489128458967542e+01,1.000000000000000000e+00
5.400000000000000000e+02,4.124443139393430613e+01,1.000000000000000000e+00
5.500000000000000000e+02,4.129463313307014971e+01,1.000000000000000000e+00
5.600000000000000000e+02,4.131774729551482039e+01,1.000000000000000000e+00
5.700000000000000000e+02,4.134398814267935762e+01,1.000000000000000000e+00
5.800000000000000000e+02,4.137072171318573766e+01,1.000000000000000000e+00
5.900000000000000000e+02,4.156412810940055635e+01,1.000000000000000000e+00
6.000000000000000000e+02,4.180807360487715130e+01,1.000000000000000000e+00
6.100000000000000000e+02,4.188279360152130693e+01,1.000000000000000000e+00
6.200000000000000000e+02,4.206747579829502826e+01,1.000000000000000000e+00
6.300000000000000000e+02,4.220519946306470871e+01,1.000000000000000000e+00
6.400000000000000000e+02,4.241352405721714547e+01,1.000000000000000000e+00
6.500000000000000000e+02,4.241352405721714547e+01,1.000000000000000000e+00
6.600000000000000000e+02,4.251367301398513376e+01,1.000000000000000000e+00
6.700000000000000000e+02,4.256871271796885026e+01,1.000000000000000000e+00
6.800000000000000000e+02,4.262375242195257385e+01,1.000000000000000000e+00
6.900000000000000000e+02,4.267879212593629745e+01,1.000000000000000000e+00
7.000000000000000000e+02,4.273383182992002105e+01,1.000000000000000000e+00
7.100000000000000000e+02,4.281494376628398157e+01,1.000000000000000000e+00
7.200000000000000000e+02,4.293871387222615255e+01,1.000000000000000000e+00
7.300000000000000000e+02,4.308574851001124273e+01,1.000000000000000000e+00
7.400000000000000000e+02,4.319967746596378078e+01,1.000000000000000000e+00
7.500000000000000000e+02,4.327893601055225048e+01,1.000000000000000000e+00
7.600000000000000000e+02,4.331012517614302482e+01,1.000000000000000000e+00
7.700000000000000000e+02,4.336977979594593080e+01,1.000000000000000000e+00
7.800000000000000000e+02,4.352500804004639434e+01,1.000000000000000000e+00
7.900000000000000000e+02,4.364941319313354740e+01,1.000000000000000000e+00
8.000000000000000000e+02,4.376027455787510689e+01,1.000000000000000000e+00
8.100000000000000000e+02,4.377701979948821531e+01,1.000000000000000000e+00
8.200000000000000000e+02,4.378871573658475569e+01,1.000000000000000000e+00
8.300000000000000000e+02,4.380041167368129607e+01,1.000000000000000000e+00
8.400000000000000000e+02,4.381210761077784355e+01,1.000000000000000000e+00
8.500000000000000000e+02,4.385543763487467572e+01,1.000000000000000000e+00
8.600000000000000000e+02,4.393029163229253697e+01,1.000000000000000000e+00
8.700000000000000000e+02,4.400514562971039823e+01,1.000000000000000000e+00
8.800000000000000000e+02,4.404850439600217982e+01,1.000000000000000000e+00
8.900000000000000000e+02,4.407969356159295415e+01,1.000000000000000000e+00
9.000000000000000000e+02,4.411088272718373560e+01,1.000000000000000000e+00
9.100000000000000000e+02,4.414207189277450993e+01,1.000000000000000000e+00
9.200000000000000000e+02,4.417326105836528427e+01,1.000000000000000000e+00
9.300000000000000000e+02,4.420764959646622572e+01,1.000000000000000000e+00
9.400000000000000000e+02,4.424329435714140146e+01,1.000000000000000000e+00
9.500000000000000000e+02,4.427893911781657721e+01,1.000000000000000000e+00
9.600000000000000000e+02,4.431458387849174585e+01,1.000000000000000000e+00
9.700000000000000000e+02,4.435022863916692160e+01,1.000000000000000000e+00
9.800000000000000000e+02,4.438587339984209734e+01,1.000000000000000000e+00
9.900000000000000000e+02,4.459618692059228806e+01,1.000000000000000000e+00
1.000000000000000000e+03,4.471416327327507645e+01,1.000000000000000000e+00
1.010000000000000000e+03,4.479733438151714608e+01,1.000000000000000000e+00
1.020000000000000000e+03,4.487255977100348048e+01,1.000000000000000000e+00
1.030000000000000000e+03,4.492602691201624054e+01,1.000000000000000000e+00
1.040000000000000000e+03,4.496981603441604136e+01,1.000000000000000000e+00
1.050000000000000000e+03,4.499320790860912922e+01,1.000000000000000000e+00
1.060000000000000000e+03,4.501659978280220997e+01,1.000000000000000000e+00
1.070000000000000000e+03,4.503999165699529073e+01,1.000000000000000000e+00
1.080000000000000000e+03,4.507974327782203972e+01,1.000000000000000000e+00
1.090000000000000000e+03,4.516209549244699417e+01,1.000000000000000000e+00
1.100000000000000000e+03,4.525260039182601446e+01,1.000000000000000000e+00
1.110000000000000000e+03,4.528375071661281481e+01,1.000000000000000000e+00
1.120000000000000000e+03,4.529814571611625240e+01,1.000000000000000000e+00
1.130000000000000000e+03,4.531254071561968289e+01,1.000000000000000000e+00
1.140000000000000000e+03,4.532698053143539596e+01,1.000000000000000000e+00
1.150000000000000000e+03,4.534257511423078313e+01,1.000000000000000000e+00
1.160000000000000000e+03,4.535816969702617030e+01,1.000000000000000000e+00
1.170000000000000000e+03,4.537376427982155747e+01,1.000000000000000000e+00
1.180000000000000000e+03,4.535652284693769332e+01,1.000000000000000000e+00
1.190000000000000000e+03,4.536052733382736335e+01,1.000000000000000000e+00
1.200000000000000000e+03,4.536988408350460134e+01,1.000000000000000000e+00
1.210000000000000000e+03,4.537924083318183222e+01,1.000000000000000000e+00
1.220000000000000000e+03,4.538859758285906310e+01,1.000000000000000000e+00
1.230000000000000000e+03,4.539795433253629398e+01,1.000000000000000000e+00
1.240000000000000000e+03,4.540731108221352486e+01,1.000000000000000000e+00
1.250000000000000000e+03,4.541666783189076284e+01,1.000000000000000000e+00
1.260000000000000000e+03,4.542602458156799372e+01,1.000000000000000000e+00
1.270000000000000000e+03,4.543042912873859507e+01,1.000000000000000000e+00
1.280000000000000000e+03,4.543042912873859507e+01,1.000000000000000000e+00
1.290000000000000000e+03,4.543042912873859507e+01,1.000000000000000000e+00
1.300000000000000000e+03,4.543042912873859507e+01,1.000000000000000000e+00
1.310000000000000000e+03,4.543042912873859507e+01,1.000000000000000000e+00
1.320000000000000000e+03,4.543042912873859507e+01,1.000000000000000000e+00
1.330000000000000000e+03,4.544537447255679297e+01,1.000000000000000000e+00
1.340000000000000000e+03,4.546696697181194935e+01,1.000000000000000000e+00
1.350000000000000000e+03,4.548855947106709863e+01,1.000000000000000000e+00
1.360000000000000000e+03,4.551397569808574417e+01,1.000000000000000000e+00
1.370000000000000000e+03,4.558415132066498643e+01,1.000000000000000000e+00
1.380000000000000000e+03,4.565432694324423579e+01,1.000000000000000000e+00
1.390000000000000000e+03,4.570450149381728977e+01,1.000000000000000000e+00
1.400000000000000000e+03,4.572644932240549309e+01,1.000000000000000000e+00
1.410000000000000000e+03,4.573981610765868311e+01,1.000000000000000000e+00
1.420000000000000000e+03,4.585785664014613161e+01,1.000000000000000000e+00
1.430000000000000000e+03,4.588058142353096969e+01,1.000000000000000000e+00
1.440000000000000000e+03,4.589227736062751006e+01,0.000000000000000000e+00
1.450000000000000000e+03,4.590145155852606962e+01,0.000000000000000000e+00
1.460000000000000000e+03,4.590768939164422591e+01,0.000000000000000000e+00
1.470000000000000000e+03,4.591392722476238220e+01,0.000000000000000000e+00
1.480000000000000000e+03,4.592016505788053138e+01,0.000000000000000000e+00
1.490000000000000000e+03,4.591959868833895797e+01,0.000000000000000000e+00
1.500000000000000000e+03,4.590258641619853108e+01,0.000000000000000000e+00
1.510000000000000000e+03,4.588557414405811130e+01,0.000000000000000000e+00
1.520000000000000000e+03,4.578142126713792948e+01,0.000000000000000000e+00
1.530000000000000000e+03,4.539378449479541899e+01,0.000000000000000000e+00
1.540000000000000000e+03,4.515895521344572927e+01,0.000000000000000000e+00
1.550000000000000000e+03,4.360265857535041789e+01,0.000000000000000000e+00
1.560000000000000000e+03,4.134860243019139858e+01,0.000000000000000000e+00
1.570000000000000000e+03,4.080233759494631585e+01,0.000000000000000000e+00
1.580000000000000000e+03,3.983460342762322881e+01,0.000000000000000000e+00
1.590000000000000000e+03,3.926581092607347756e+01,0.000000000000000000e+00
1.600000000000000000e+03,3.899941738794036183e+01,0.000000000000000000e+00
1.610000000000000000e+03,3.796359529125161458e+01,0.000000000000000000e+00
1.620000000000000000e+03,3.757858970594400461e+01,0.000000000000000000e+00
1.630000000000000000e+03,3.704913517065868689e+01,0.000000000000000000e+00
1.640000000000000000e+03,3.684412563912540151e+01,0.000000000000000000e+00
1.650000000000000000e+03,3.650374036942261569e+01,0.000000000000000000e+00
1.660000000000000000e+03,3.612773031431528636e+01,0.000000000000000000e+00
1.670000000000000000e+03,3.597178448636140757e+01,0.000000000000000000e+00
1.680000000000000000e+03,3.550523651719168328e+01,0.000000000000000000e+00
1.690000000000000000e+03,3.505119528690145358e+01,0.000000000000000000e+00
1.700000000000000000e+03,3.449131674986363549e+01,0.000000000000000000e+00
1.710000000000000000e+03,3.420806241872557507e+01,0.000000000000000000e+00
1.720000000000000000e+03,3.400263340650936073e+01,0.000000000000000000e+00
1.730000000000000000e+03,3.385179514427800740e+01,0.000000000000000000e+00
1.740000000000000000e+03,3.344153138414639415e+01,0.000000000000000000e+00
1.750000000000000000e+03,3.308062651770437412e+01,0.000000000000000000e+00
1.760000000000000000e+03,3.290799856444384375e+01,0.000000000000000000e+00
1.770000000000000000e+03,3.265276787337272424e+01,0.000000000000000000e+00
1.780000000000000000e+03,3.239947728046008280e+01,0.000000000000000000e+00
1.790000000000000000e+03,3.220634720882210900e+01,0.000000000000000000e+00
1.800000000000000000e+03,3.193363815596288546e+01,0.000000000000000000e+00
1.810000000000000000e+03,3.174871126212412165e+01,0.000000000000000000e+00
1.820000000000000000e+03,3.162708322652108706e+01,0.000000000000000000e+00
1.830000000000000000e+03,3.145373477634684889e+01,0.000000000000000000e+00
1.840000000000000000e+03,3.121902950813556288e+01,0.000000000000000000e+00
1.850000000000000000e+03,3.107546723822570911e+01,0.000000000000000000e+00
1.860000000000000000e+03,3.104873366771932908e+01,0.000000000000000000e+00
1.870000000000000000e+03,3.078960946348417238e+01,0.000000000000000000e+00
1.880000000000000000e+03,3.067235296036836800e+01,0.000000000000000000e+00
1.890000000000000000e+03,3.061881091209079742e+01,0.000000000000000000e+00
1.900000000000000000e+03,3.053520608153768734e+01,0.000000000000000000e+00
1.910000000000000000e+03,3.044187162958920467e+01,0.000000000000000000e+00
1.920000000000000000e+03,3.018636128472946822e+01,0.000000000000000000e+00
1.930000000000000000e+03,2.974120683038838919e+01,0.000000000000000000e+00
1.940000000000000000e+03,2.963486944828964553e+01,0.000000000000000000e+00
1.950000000000000000e+03,2.957054179425866991e+01,0.000000000000000000e+00
1.960000000000000000e+03,2.951550680257836845e+01,0.000000000000000000e+00
1.970000000000000000e+03,2.943946427655891540e+01,0.000000000000000000e+00
1.980000000000000000e+03,2.917555266579969953e+01,0.000000000000000000e+00
1.990000000000000000e+03,2.910001118615150872e+01,0.000000000000000000e+00
2.000000000000000000e+03,2.898049414824443204e+01,0.000000000000000000e+00
2.010000000000000000e+03,2.874813680663334381e+01,0.000000000000000000e+00
2.020000000000000000e+03,2.872852608470709512e+01,0.000000000000000000e+00
2.030000000000000000e+03,2.864476394889788935e+01,0.000000000000000000e+00
2.040000000000000000e+03,2.845271753569078044e+01,0.000000000000000000e+00
2.050000000000000000e+03,2.837261031953548596e+01,0.000000000000000000e+00
2.060000000000000000e+03,2.838040761093317954e+01,0.000000000000000000e+00
2.070000000000000000e+03,2.832341261518236664e+01,0.000000000000000000e+00
2.080000000000000000e+03,2.823860371970608085e+01,0.000000000000000000e+00
2.090000000000000000e+03,2.794413216438044856e+01,0.000000000000000000e+00
2.100000000000000000e+03,2.780847910287060643e+01,0.000000000000000000e+00
2.110000000000000000e+03,2.769075806373927051e+01,0.000000000000000000e+00
2.120000000000000000e+03,2.763420973723415131e+01,0.000000000000000000e+00
2.130000000000000000e+03,2.762018820699969268e+01,0.000000000000000000e+00
2.140000000000000000e+03,2.756435066720728955e+01,0.000000000000000000e+00
2.150000000000000000e+03,2.753706111833545478e+01,0.000000000000000000e+00
