time_s,delta_T_C,T_C,laser_on
10.0,0.753,25.753,1
20.0,1.35,26.35,1
30.0,1.975,26.975,1
40.0,2.424,27.424,1
50.0,2.914,27.914,1
60.0,3.445,28.445,1
70.0,3.829,28.829,1
80.0,4.141,29.141,1
90.0,4.508,29.508,1
100.0,4.863,29.863,1
110.0,5.186,30.186,1
120.0,5.558,30.558,1
130.0,5.844,30.844,1
140.0,6.18,31.18,1
150.0,6.413,31.413,1
160.0,6.673,31.673,1
170.0,6.911,31.911,1
180.0,7.207,32.207,1
190.0,7.488,32.488,1
200.0,7.688,32.688,1
210.0,7.907,32.907,1
220.0,8.156,33.156,1
230.0,8.341,33.341,1
240.0,8.625,33.625,1
250.0,8.786,33.786,1
260.0,8.992,33.992,1
270.0,9.269,34.269,1
280.0,9.485,34.485,1
290.0,9.611,34.611,1
300.0,9.758,34.758,1
310.0,9.95,34.95,1
320.0,10.215,35.215,1
330.0,10.369,35.369,1
340.0,10.514,35.514,1
350.0,10.641,35.641,1
360.0,10.853,35.853,1
370.0,10.943,35.943,1
380.0,11.107,36.107,1
390.0,11.277,36.277,1
400.0,11.41,36.41,1
410.0,11.568,36.568,1
420.0,11.669,36.669,1
430.0,11.86,36.86,1
440.0,11.961,36.961,1
450.0,12.132,37.132,1
460.0,12.237,37.237,1
470.0,12.401,37.401,1
480.0,12.496,37.496,1
490.0,12.533,37.533,1
500.0,12.692,37.692,1
510.0,12.8,37.8,1
520.0,12.934,37.934,1
530.0,13.015,38.015,1
540.0,13.132,38.132,1
550.0,13.219,38.219,1
560.0,13.304,38.304,1
570.0,13.419,38.419,1
580.0,13.453,38.453,1
590.0,13.603,38.603,1
600.0,13.68,38.68,1
610.0,13.78,38.78,1
620.0,13.819,38.819,1
630.0,13.911,38.911,1
640.0,13.957,38.957,1
650.0,14.086,39.086,1
660.0,14.173,39.173,1
670.0,14.215,39.215,1
680.0,14.299,39.299,1
690.0,14.422,39.422,1
700.0,14.503,39.503,1
710.0,14.556,39.556,1
720.0,14.608,39.608,1
730.0,14.661,39.661,1
740.0,14.684,39.684,1
750.0,14.815,39.815,1
760.0,14.823,39.823,1
770.0,14.901,39.901,1
780.0,14.971,39.971,1
790.0,15.042,40.042,1
800.0,15.105,40.105,1
810.0,15.18,40.18,1
820.0,15.207,40.207,1
830.0,15.298,40.298,1
840.0,15.307,40.307,1
850.0,15.331,40.331,1
860.0,15.405,40.405,1
870.0,15.421,40.421,1
880.0,15.456,40.456,1
890.0,15.501,40.501,1
900.0,15.504,40.504,1
910.0,15.19,40.19,0
920.0,14.706,39.706,0
930.0,14.08,39.08,0
940.0,13.696,38.696,0
950.0,13.28,38.28,0
960.0,12.855,37.855,0
970.0,12.559,37.559,0
980.0,12.194,37.194,0
990.0,11.905,36.905,0
1000.0,11.653,36.653,0
1010.0,11.245,36.245,0
1020.0,11.024,36.024,0
1030.0,10.794,35.794,0
1040.0,10.465,35.465,0
1050.0,10.325,35.325,0
1060.0,10.118,35.118,0
1070.0,9.767,34.767,0
1080.0,9.593,34.593,0
1090.0,9.355,34.355,0
1100.0,9.091,34.091,0
1110.0,8.833,33.833,0
1120.0,8.712,33.712,0
1130.0,8.47,33.47,0
1140.0,8.229,33.229,0
1150.0,8.125,33.125,0
1160.0,7.911,32.911,0
1170.0,7.742,32.742,0
1180.0,7.637,32.637,0
1190.0,7.419,32.419,0
1200.0,7.201,32.201,0
1210.0,6.999,31.999,0
1220.0,6.853,31.853,0
1230.0,6.779,31.779,0
1240.0,6.545,31.545,0
1250.0,6.402,31.402,0
1260.0,6.314,31.314,0
1270.0,6.073,31.073,0
1280.0,5.992,30.992,0
1290.0,5.856,30.856,0
1300.0,5.745,30.745,0
1310.0,5.577,30.577,0
1320.0,5.452,30.452,0
1330.0,5.334,30.334,0
1340.0,5.229,30.229,0
1350.0,5.157,30.157,0
1360.0,5.005,30.005,0
1370.0,4.875,29.875,0
1380.0,4.768,29.768,0
1390.0,4.671,29.671,0
1400.0,4.597,29.597,0
1410.0,4.461,29.461,0
1420.0,4.337,29.337,0
1430.0,4.241,29.241,0
1440.0,4.145,29.145,0
1450.0,4.099,29.099,0
1460.0,4.003,29.003,0
1470.0,3.896,28.896,0
1480.0,3.813,28.813,0
1490.0,3.728,28.728,0
1500.0,3.603,28.603,0
1510.0,3.5,28.5,0
1520.0,3.438,28.438,0
1530.0,3.375,28.375,0
1540.0,3.293,28.293,0
1550.0,3.24,28.24,0
1560.0,3.149,28.149,0
1570.0,3.076,28.076,0
1580.0,3.005,28.005,0
1590.0,2.909,27.909,0
1600.0,2.861,27.861,0
1610.0,2.767,27.767,0
1620.0,2.714,27.714,0
1630.0,2.653,27.653,0
1640.0,2.579,27.579,0
1650.0,2.534,27.534,0
1660.0,2.446,27.446,0
1670.0,2.39,27.39,0
1680.0,2.352,27.352,0
1690.0,2.28,27.28,0
1700.0,2.201,27.201,0
1710.0,2.175,27.175,0
1720.0,2.123,27.123,0
1730.0,2.058,27.058,0
1740.0,1.953,26.953,0
1750.0,1.947,26.947,0
1760.0,1.908,26.908,0
1770.0,1.851,26.851,0
1780.0,1.808,26.808,0
1790.0,1.725,26.725,0
