n_units,seed,a,da_vs_single_pct,rms_network,rms_ode
20,0,0.10622745117611354,14.491367901112127,0.5151443572694171,0.5207214175322414
20,1,0.09598858932918972,3.455978407850781,0.7110724891985433,0.7200000518846923
20,2,0.09515306723912557,2.555457253065227,0.7110547493853702,0.7227263292894502
20,3,0.09565279563268025,3.0940617919451543,0.7106199823376594,0.7202637587292302
20,4,0.09562987373140122,3.069356691678936,0.7112597777394936,0.7207672354546398
50,0,0.10318378961351184,11.210926057952628,0.5337675681119173,0.540620108592912
50,1,0.09938192593256633,7.113298104107053,0.5916489423344763,0.6004198347763735
50,2,0.09593308605617948,3.3961572827124615,0.7071328741621378,0.7163604134332596
50,3,0.09623733727137249,3.7240775841726923,0.7038826253129521,0.7125504579696932
50,4,0.09543617592917548,2.8605902561603322,0.7164499798913505,0.7257297569066347
100,0,0.09679658082326252,4.326827236328182,0.6772204698848223,0.6860988327736033
100,1,0.10003637163374159,7.81865611387738,0.5879828594606837,0.5958701013603888
100,2,0.09664989833831787,4.168733653525326,0.6846251421931968,0.6934318113620772
100,3,0.09564047262403699,3.0807801203941243,0.7168403597452941,0.7266078449746859
100,4,0.09546225870980156,2.888702134958902,0.7202752581487039,0.7298543041778672
