dataset,theta_over_max,r_mean,r_min,r_max
DS1,0.1,0.834695101338736,0.7772798759717235,0.895690816253839
DS1,0.11836734693877551,0.8731731538555737,0.8295487876708592,0.9212995917209372
DS1,0.13673469387755102,0.9087195771486645,0.877861872255523,0.9439438357707435
DS1,0.15510204081632656,0.9415563843556264,0.922254769002187,0.9642855540842484
DS1,0.17346938775510207,0.9719102107390736,0.9628888985668104,0.9828405196247086
DS1,0.19183673469387758,1.0,1.0,1.0
DS1,0.21020408163265308,1.0260306365132916,1.0160551441635983,1.0338609963523002
DS1,0.2285714285714286,1.0501903437439297,1.0312206821135128,1.0647560028316085
DS1,0.24693877551020407,1.0726504493104627,1.0456544857254613,1.092965045077641
DS1,0.2653061224489796,1.0935651169599427,1.059471313223115,1.1187534101615257
DS1,0.2836734693877551,1.1130738295622686,1.07275661259176,1.1423675682940988
DS1,0.3020408163265306,1.1313007754187292,1.0855721016075082,1.1640313877657484
DS1,0.3204081632653062,1.1483576492790648,1.0979633433268539,1.1839476672671063
DS1,0.33877551020408175,1.1643438585823818,1.1099634365478177,1.2022969929535963
DS1,0.3571428571428572,1.1793484410379609,1.1215971193365266,1.2192404628104487
DS1,0.3755102040816327,1.1934507059745736,1.1328818816043114,1.2349202743908791
DS1,0.3938775510204082,1.2067214503625319,1.1438308400228945,1.2494618211975252
DS1,0.41224489795918373,1.2192239080574814,1.1544532877095792,1.262975989856799
DS1,0.43061224489795924,1.2310149248094244,1.1647565935239974,1.2755602135221245
DS1,0.44897959183673475,1.2421452467379206,1.1747456860971484,1.2873001753245499
DS1,0.46734693877551026,1.2526601905023944,1.1844244695900197,1.2982711101363136
DS1,0.48571428571428577,1.262600702022244,1.1937963176738247,1.30853906940447
DS1,0.5040816326530613,1.2720036046317478,1.202863880841315,1.3181619717151267
DS1,0.5224489795918368,1.2809028179439355,1.2116304418523693,1.3271919934277014
DS1,0.5408163265306123,1.2893283825101116,1.2200985138867524,1.3356745709390483
DS1,0.5591836734693879,1.297308210335677,1.2282714275569608,1.3436499565598414
DS1,0.5775510204081633,1.3048678001869944,1.2361523928299958,1.3511542601745934
DS1,0.5959183673469388,1.3120304462063477,1.2437456924059422,1.3582194557192453
DS1,0.6142857142857143,1.3188179906767197,1.2510554766547517,1.3648745103587516
DS1,0.6326530612244898,1.3252504994889274,1.2580866127548862,1.3711456225476857
DS1,0.6510204081632653,1.3313467979690259,1.2648444939634071,1.3770566126006687
DS1,0.6693877551020408,1.3371244333153474,1.2713345316713807,1.382629061443563
DS1,0.6877551020408164,1.342599743955029,1.277562831592704,1.3878827008966994
DS1,0.7061224489795919,1.347788594047065,1.2835364339412894,1.3928360096909513
DS1,0.7244897959183674,1.3527054660753528,1.289261664993864,1.397505679285762
DS1,0.7428571428571429,1.3573644088826347,1.294745874570176,1.4019078486566563
DS1,0.7612244897959184,1.3617782645999086,1.2999962395990792,1.406056686892065
DS1,0.7795918367346939,1.3659598126085404,1.3050203083208818,1.4099663963605853
DS1,0.7979591836734694,1.369920930436299,1.3098253726641231,1.4136498717958543
DS1,0.8163265306122449,1.3736727758031864,1.3144196405389734,1.4171190011702484
DS1,0.8346938775510204,1.3772258844816563,1.3188100382506365,1.4203855283691864
DS1,0.8530612244897959,1.3805909063658828,1.3230049472401004,1.423460332986298
DS1,0.8714285714285714,1.3837772333777287,1.3270112389498199,1.4263536654499727
DS1,0.889795918367347,1.3867941385247011,1.3308371844135738,1.4290750708915456
DS1,0.9081632653061225,1.3896504422322848,1.334489229241628,1.431634151545077
DS1,0.926530612244898,1.3923543159946494,1.3379751969115956,1.434039206331735
DS1,0.9448979591836735,1.3949139577961216,1.3413020556288944,1.4362988187951164
DS1,0.963265306122449,1.3973366347043044,1.3444766055128268,1.4384207874926398
DS1,0.9816326530612246,1.3996294408783967,1.3475053754592823,1.4404121994350014
DS1,1.0,1.401799394273076,1.3503951147666937,1.4422806251326292
DS2a,0.10000000000000002,0.664509762134378,0.5449442811745303,0.72526564594466
DS2a,0.11836734693877553,0.7345393625399144,0.6377897346719803,0.7832569330647029
DS2a,0.13673469387755102,0.803666269822639,0.7311750696489921,0.8399500109966533
DS2a,0.15510204081632656,0.8713196573229675,0.8236479063537634,0.8953565346709031
DS2a,0.17346938775510207,0.9369372229585734,0.9137240082968877,0.9487217404551744
DS2a,0.19183673469387758,1.0,1.0,1.0
DS2a,0.2102040816326531,1.0600795494244382,1.0491676075828844,1.0813001275526293
DS2a,0.2285714285714286,1.1168736885214774,1.0962171902530653,1.1567903321061501
DS2a,0.24693877551020407,1.1702202978537748,1.1411567923508574,1.2260215212052294
DS2a,0.2653061224489796,1.2200853870485096,1.1840071762244657,1.2889005023337459
DS2a,0.2836734693877551,1.2665371888096575,1.2248003613353338,1.3456113607703513
DS2a,0.3020408163265306,1.3097132310933515,1.2635775083424314,1.3965234214801696
DS2a,0.3204081632653062,1.3497913451591879,1.3003871949701145,1.4421059777721625
DS2a,0.3387755102040817,1.3869677586175275,1.3352847293897026,1.4828648207548127
DS2a,0.3571428571428572,1.4214413302475206,1.368329615732306,1.5192990580740424
DS2a,0.3755102040816327,1.4534053150209791,1.3995859613113846,1.5518779715268163
DS2a,0.3938775510204082,1.483042736394329,1.4291203100894907,1.581029001089948
DS2a,0.41224489795918373,1.5105241975534192,1.4570007516793537,1.6071357380061362
DS2a,0.4306122448979592,1.5360085494049376,1.4832975916920128,1.630538183359797
DS2a,0.4489795918367348,1.5596423671887802,1.5080809003800262,1.6515368636614813
DS2a,0.46734693877551026,1.5815611309918758,1.531420328540108,1.6703964371366442
DS2a,0.48571428571428577,1.601890710177732,1.5533852607007552,1.6873515880412693
DS2a,0.5040816326530613,1.6207476182218692,1.5740447924458407,1.7026082116824166
DS2a,0.5224489795918368,1.6382399263886411,1.5934651712079033,1.716349437592821
DS2a,0.5408163265306123,1.6544683464146759,1.6117125358668802,1.7287376355680746
DS2a,0.5591836734693878,1.669525857052886,1.6288501110077205,1.739916411801799
DS2a,0.5775510204081633,1.6834991822238397,1.6449394158991344,1.750013592497261
DS2a,0.5959183673469388,1.696468793630489,1.6600393229743349,1.7591429323394854
DS2a,0.6142857142857143,1.7085094592421195,1.6742075050209608,1.7674053995063022
DS2a,0.6326530612244898,1.719690428069016,1.6874978867720367,1.7748915995852779
DS2a,0.6510204081632653,1.730076283011899,1.6999634886503432,1.7816816923654768
DS2a,0.6693877551020408,1.7397264037003166,1.7116533344068146,1.787847254270608
DS2a,0.6877551020408164,1.7486961153402543,1.722614967469675,1.7934525289694896
DS2a,0.7061224489795919,1.7570360973613075,1.7328931189220047,1.7985535496212488
DS2a,0.7244897959183674,1.7647940298851692,1.7425306583559543,1.803201757986159
DS2a,0.7428571428571429,1.772013517763705,1.7515677612846923,1.8074425410271855
DS2a,0.7612244897959184,1.7787350517168863,1.7600422341653437,1.8113165276702772
DS2a,0.7795918367346939,1.7849958576181726,1.7679907140596598,1.8148594120435964
DS2a,0.7979591836734693,1.790830149186035,1.7754457452812926,1.8181037819324826
DS2a,0.8163265306122449,1.7962699393691361,1.7824401081213639,1.8210785881358937
DS2a,0.8346938775510205,1.801344591263281,1.789003181677369,1.823809716771926
DS2a,0.8530612244897959,1.8060808830550517,1.7951628243480404,1.8263198138829049
DS2a,0.8714285714285714,1.8105039386489323,1.800945369381058,1.8286302758080097
DS2a,0.8897959183673468,1.8146370188382763,1.8063757822854303,1.8307592788282987
DS2a,0.9081632653061225,1.8185010848407541,1.8113025584573197,1.8327238452271253
DS2a,0.9265306122448981,1.8221153289323224,1.8155383339538558,1.8345384068236135
DS2a,0.9448979591836735,1.8254983622843521,1.8195041992461165,1.8362165774490913
DS2a,0.963265306122449,1.8286668309472391,1.8232191435614493,1.837770932591821
DS2a,0.9816326530612246,1.8316356471285935,1.82670073489605,1.8392114963640802
DS2a,1.0,1.8344192019505996,1.829965250536189,1.8405485622494706
DS2b,0.1,0.5186275297122305,0.455021851489779,0.5623180482189437
DS2b,0.1183673469387755,0.616097990571885,0.5678371926434322,0.6492053682804166
DS2b,0.13673469387755102,0.7139509295358873,0.6804466857702247,0.7369764095846257
DS2b,0.15510204081632656,0.8109859422129375,0.790697066148834,0.8249876226257165
DS2b,0.17346938775510207,0.9064785102618088,0.8974091479154411,0.9127767251998935
DS2b,0.1918367346938776,1.0,1.0,1.0
DS2b,0.21020408163265308,1.091305454386636,1.0863939857954552,1.0982478063599752
DS2b,0.2285714285714286,1.180263745465969,1.171747865719942,1.192149267920026
DS2b,0.2469387755102041,1.2668136993130068,1.255886748357242,1.2818280414481646
DS2b,0.2653061224489796,1.3509369712280597,1.3386626233998808,1.367476957530587
DS2b,0.2836734693877551,1.4326410480487193,1.4199487907873607,1.44932133430671
DS2b,0.3020408163265306,1.5119462951160028,1.4996334566549925,1.5275914685155443
DS2b,0.3204081632653062,1.5888815041839013,1.577620437340738,1.602512316996362
DS2b,0.3387755102040817,1.6634779724698048,1.653825062180171,1.6742934297848004
DS2b,0.3571428571428572,1.735769201008334,1.7281766343413958,1.7431261621298162
DS2b,0.3755102040816327,1.805788634335422,1.8006138001006584,1.8091836889576791
DS2b,0.3938775510204082,1.8735701568897258,1.8710867656157453,1.8770030235947792
DS2b,0.41224489795918373,1.9391473900843368,1.9335758344226064,1.9443111720843165
DS2b,0.4306122448979593,2.0025554776324515,1.9921750699602234,2.00950278019999
DS2b,0.4489795918367347,2.063829767640575,2.048531026253306,2.072591818874414
DS2b,0.46734693877551026,2.1230060623617315,2.102745761717313,2.1335980439313076
DS2b,0.48571428571428577,2.1801222072587554,2.154913838222147,2.1929085669692236
DS2b,0.5040816326530613,2.2352165491922285,2.205120904489131,2.2510710214607954
DS2b,0.5224489795918368,2.288329783359489,2.2534484507617623,2.307172015291074
DS2b,0.5408163265306123,2.3395023097805097,2.299970138634872,2.3612268257100113
DS2b,0.5591836734693878,2.38877727679794,2.3447565355500544,2.413258010443472
DS2b,0.5775510204081633,2.4361979081346075,2.3878737854768444,2.46329204137619
DS2b,0.5959183673469388,2.4818087761660546,2.4293834080195045,2.511361759298849
DS2b,0.6142857142857143,2.5256557640821593,2.469345558375895,2.55750290020187
DS2b,0.6326530612244898,2.567784199892323,2.507815345784799,2.6017555472630063
DS2b,0.6510204081632655,2.6082410451279254,2.544846103658162,2.644163377651126
DS2b,0.6693877551020408,2.6470725621389977,2.5804879308165884,2.6847715360518825
DS2b,0.6877551020408162,2.6843264618838414,2.6147896528861714,2.723629088332529
DS2b,0.7061224489795919,2.7200497577469895,2.64779749819338,2.7607864469991164
DS2b,0.7244897959183674,2.7542893591737,2.679555185012375,2.7962949489681095
DS2b,0.7428571428571429,2.7870920759658624,2.7101049398875734,2.8302074772106747
DS2b,0.7612244897959184,2.8185046243723595,2.739488138221354,2.862578034841714
DS2b,0.7795918367346939,2.848573268021941,2.767743830351493,2.8934597431693185
DS2b,0.7979591836734694,2.877343635079726,2.7949096682646455,2.922907683611052
DS2b,0.816326530612245,2.9048612945634105,2.821023136731924,2.950975328719263
DS2b,0.8346938775510204,2.931170974836267,2.846120731553288,2.9777160291075253
DS2b,0.8530612244897958,2.9563174468703237,2.8702372439617347,3.0031836674320593
DS2b,0.8714285714285714,2.9803441657644694,2.8934083544728475,3.0274303020508717
DS2b,0.889795918367347,3.0032942518327004,2.915668373755732,3.050506355311419
DS2b,0.9081632653061225,3.0252104466278156,2.937051346389251,3.072462986216001
DS2b,0.926530612244898,3.046134485141112,2.9575918341149112,3.093349657255632
DS2b,0.9448979591836735,3.0661077134601222,2.977324308948351,3.113212949305711
DS2b,0.963265306122449,3.0851711931296975,2.9962829797301422,3.1321008091082945
DS2b,0.9816326530612246,3.1033647253956063,3.014502709737663,3.150057409236946
DS2b,1.0,3.1207269227016226,3.032017729359664,3.167125316996495
DS3,0.1,0.6605349634108271,0.5888191013824751,0.7619792814122528
DS3,0.1183673469387755,0.7348847626059459,0.6781523970614743,0.8132158211303557
DS3,0.13673469387755102,0.807096807298087,0.7655790238833123,0.8631849075554595
DS3,0.15510204081632656,0.8759093369066191,0.8491861914567606,0.9113046867325972
DS3,0.17346938775510207,0.9404120753188231,0.92762451593103,0.9570527741054422
DS3,0.19183673469387758,1.0,1.0,1.0
DS3,0.21020408163265306,1.0543291345907972,1.0398335325768004,1.0657862741019004
DS3,0.2285714285714286,1.1032750170239074,1.0763639505118774,1.1247611526388661
DS3,0.2469387755102041,1.1468969414620733,1.1095225207585298,1.1769607778114286
DS3,0.2653061224489796,1.1853989110391763,1.139344448711169,1.2226322526613125
DS3,0.2836734693877551,1.2190904219628265,1.1659468699230187,1.262181574885022
DS3,0.3020408163265306,1.2483492199810948,1.1895062035944919,1.29612082050864
DS3,0.3204081632653062,1.2735884259320553,1.2102363017922293,1.3250183892062042
DS3,0.3387755102040817,1.2952298372691133,1.2283702255172546,1.3494564774416333
DS3,0.3571428571428572,1.313684697526892,1.2441463232773164,1.3700016009360156
DS3,0.3755102040816327,1.3293399399954218,1.2577987093636636,1.3871814691982272
DS3,0.3938775510204082,1.342551133678601,1.2695503463524251,1.40147483921768
DS3,0.4122448979591837,1.353638126497205,1.2796089495163918,1.41330560451415
DS3,0.43061224489795924,1.3628864699163847,1.2881661852066602,1.4230445327631782
DS3,0.44897959183673475,1.3705457744614786,1.2953946493842399,1.43101011078988
DS3,0.4673469387755102,1.3768348809140838,1.3014506056701252,1.4374751237132262
DS3,0.48571428571428577,1.3819431063774996,1.3064732855737013,1.4426705564494273
DS3,0.5040816326530613,1.3860344063229328,1.31058649415462,1.4467917560358088
DS3,0.5224489795918368,1.389250012316244,1.31390023816863,1.4500036946644104
DS3,0.5408163265306123,1.3917116010599375,1.3165114118445995,1.4524450635057422
DS3,0.5591836734693878,1.3935237425378897,1.318505275499257,1.4542327760648373
DS3,0.5775510204081633,1.3947763654666907,1.3199568970531035,1.455465249882158
DS3,0.5959183673469388,1.3955468249629694,1.3209324852893307,1.4562255203308248
DS3,0.6142857142857143,1.3959020416948824,1.3214904071280527,1.4565840513086372
DS3,0.6326530612244898,1.395899380584409,1.321681058342082,1.456600477430317
DS3,0.6510204081632653,1.3955884335456255,1.3215495097174672,1.45632553349996
DS3,0.6693877551020408,1.3950124835061821,1.321135391930017,1.4558024318435603
DS3,0.6877551020408164,1.39420834408306,1.3204727302771906,1.4550680950149406
DS3,0.7061224489795919,1.3932084588457243,1.3195920098520881,1.454154270208838
DS3,0.7244897959183674,1.392040965287373,1.3185199731634745,1.4530886185902758
DS3,0.7428571428571429,1.3907304331076862,1.3172805908488712,1.4518945161280512
DS3,0.7612244897959184,1.3892979781961385,1.3158941566505098,1.4505922578890462
DS3,0.7795918367346939,1.3877623385977194,1.3143790518113547,1.4492002263160388
DS3,0.7979591836734694,1.3861400672611637,1.3127512557594057,1.4477340622746793
DS3,0.8163265306122449,1.3844450608382106,1.3110253097741418,1.446206845296944
DS3,0.8346938775510203,1.382690011352871,1.3092134579139711,1.4446301275702609
DS3,0.853061224489796,1.380885926932361,1.3073272215252187,1.4430150796772754
DS3,0.8714285714285714,1.37904246656911,1.3053761761794462,1.4413703693958553
DS3,0.889795918367347,1.3771680744350354,1.3033693188726607,1.439704184015739
DS3,0.9081632653061225,1.3752701810228158,1.3013145031960915,1.438023472376377
DS3,0.926530612244898,1.3733552297133766,1.2992185526692637,1.4363339546833913
DS3,0.9448979591836734,1.3714291463695583,1.297087460705535,1.434641903053644
DS3,0.9632653061224491,1.3694967186532363,1.2949268615401628,1.432951373134419
DS3,0.9816326530612245,1.367562586480796,1.2927419677192795,1.43126654342343
DS3,1.0,1.365630398407365,1.2905366653403747,1.429591285426721
DS4,0.09999999999999999,0.2865956626160406,0.2145015317303189,0.3392479372517602
DS4,0.11836734693877553,0.39386645684196187,0.31775443915819035,0.4513681582393198
DS4,0.13673469387755102,0.5234094264985026,0.4536182962267734,0.5773368639591115
DS4,0.15510204081632656,0.6713936422798025,0.6183017573813145,0.7131283552949129
DS4,0.17346938775510207,0.8322066778087045,0.8035483485290839,0.855052124723999
DS4,0.19183673469387755,1.0,1.0,1.0
DS4,0.21020408163265308,1.1697219168310335,1.1453924786852427,1.1997099415579642
DS4,0.22857142857142862,1.3374122445667627,1.289048478830699,1.3968967290062089
DS4,0.2469387755102041,1.5000871934044797,1.4290966729399057,1.5876407072276402
DS4,0.2653061224489796,1.6555264519440644,1.563950675416398,1.769308143263967
DS4,0.2836734693877551,1.802104376893542,1.692317145002489,1.9400973353312148
DS4,0.3020408163265306,1.938683099138002,1.8132112283307842,2.0987757886420666
DS4,0.3204081632653062,2.0645499857767224,1.9259536117605665,2.244566105385545
DS4,0.3387755102040817,2.17936937806316,2.0301469806657506,2.3771001534431013
DS4,0.3571428571428572,2.2831343000468673,2.125641070745753,2.496387886918524
DS4,0.3755102040816327,2.376113531629096,2.2124888135043586,2.602774476632912
DS4,0.3938775510204083,2.4587899056878952,2.29090404484389,2.6968769367907868
DS4,0.4122448979591837,2.5318015989185714,2.361226171526647,2.7795109101741655
DS4,0.43061224489795924,2.5958877376031873,2.4238889835114024,2.8516182988047083
DS4,0.44897959183673475,2.6518393986207296,2.4793940687144125,2.914201037813601
DS4,0.46734693877551026,2.700461846977019,2.528288015218502,2.968267370561721
DS4,0.4857142857142858,2.742545741455389,2.5711441348938884,3.0147954343090677
DS4,0.5040816326530613,2.778845045672195,2.6085402347304765,3.054704325518737
DS4,0.5224489795918368,2.8100635250677546,2.641047332923247,3.088839629019151
DS4,0.5408163265306123,2.836846117728213,2.6692126813988923,3.1179670559308237
DS4,0.5591836734693878,2.8597757114998963,2.6935532990114504,3.14276863730228
DS4,0.5775510204081633,2.879372522726252,2.714545809843891,3.1638474169327218
DS4,0.5959183673469388,2.8960958220097504,2.7326250607324147,3.1817310727409844
DS4,0.6142857142857143,2.910348290838023,2.7481821286439914,3.196876468574856
DS4,0.6326530612244898,2.9224799288539436,2.76156284180611,3.2096807007963495
DS4,0.6510204081632653,2.932794042314578,2.7730730291182892,3.22048487017945
DS4,0.6693877551020408,2.941551961589274,2.782979597730546,3.229581582975363
DS4,0.6877551020408164,2.9489771073634894,2.7915108247597664,3.2372224849358955
DS4,0.7061224489795919,2.95526192934439,2.798868100417564,3.2436204956643513
DS4,0.7244897959183674,2.960570937430811,2.805221332303993,3.2489609139757287
DS4,0.7428571428571429,2.965042949456278,2.8107159598913602,3.2533966660629745
DS4,0.7612244897959184,2.968797986756487,2.8154775684776157,3.2570630494862995
DS4,0.7795918367346939,2.9719375586794996,2.819611252755093,3.260072650696089
DS4,0.7979591836734694,2.9745486753283488,2.8232076746142756,3.262522824485166
DS4,0.8163265306122449,2.9767053776448154,2.826344686834007,3.2644950294679034
DS4,0.8346938775510204,2.978469797745426,2.829085205663406,3.2660597749587823
DS4,0.8530612244897959,2.979897235476636,2.8314869759118184,3.2672777997247744
DS4,0.8714285714285714,2.9810334392044218,2.8335960986855975,3.2681999878124244
DS4,0.8897959183673471,2.9819176730311683,2.835452498780837,3.2688708401063002
DS4,0.9081632653061226,2.9825836155139442,2.8370903170672332,3.269327516615688
DS4,0.9265306122448979,2.9830608922725728,2.8385398492888636,3.269602135514454
DS4,0.9448979591836735,2.9833739697459607,2.8398245723784123,3.269722006355894
DS4,0.963265306122449,2.9835447454895054,2.8399562779042733,3.2697113480992526
DS4,0.9816326530612246,2.9835913641349094,2.83920057287436,3.269590095039086
DS4,1.0,2.983530324004695,2.838323790533737,3.2693759889251375
