law,t_off,seed,Roper,single_tau,power_law,loss_PINN,n_power,rms_single,rms_power,rms_PINN,f_err_pct
power n=1.25,600.0,0,-32.89606318356609,1.1708967957036047,0.3268396265578566,0.47623935968117703,1.2459632990726845,0.24364054065055302,0.10979911518872418,0.10938650333013611,0.8049061002805946
power n=1.25,600.0,1,-33.48906266363628,0.866046746656704,0.02506209316428809,-0.08689867473048174,1.2431861340634704,0.23645182160671785,0.10156312950369673,0.1024700493495198,0.9775143423129632
power n=1.25,600.0,2,-33.86007624436514,1.0123158797167158,0.10493346275246285,-0.17192849683973777,1.2818227286531647,0.25961422586478705,0.08479775559021799,0.0840027291406193,2.353265699683177
power n=1.25,1200.0,0,-28.701987280118594,-1.918285582300519,-0.10410198965679629,0.23967963583759744,1.2500490850744148,0.5267631783001165,0.10080753322659392,0.12199683037352613,1.6109192071980696
power n=1.25,1200.0,1,-28.468553512643116,-1.8048484345639104,0.028738996784932747,0.6041010583408002,1.2523974698420575,0.5317874407814095,0.0995324837094461,0.1268927964025043,1.9448156106327263
power n=1.25,1200.0,2,-28.706569703801073,-1.9160612765748153,-0.06847133257535665,0.13433012996180715,1.2538832531324586,0.5336690526393078,0.0976785491895472,0.10011015124105385,0.6926247413774511
linear+quadratic,600.0,0,-36.901731153044445,1.2638284141495704,0.0034941039922103956,-0.11006235718834245,1.3479733924360426,0.3068813276540942,0.1139705643401982,0.12054995809046175,2.9537658714949395
linear+quadratic,600.0,1,-37.43069228199626,0.9803455792440213,-0.2787770050007299,-0.4724417225619726,1.344295779533481,0.2986947053483315,0.10383855083885314,0.11029780307986026,3.5438726529078703
linear+quadratic,600.0,2,-37.773159149113994,1.115111697265081,-0.20769616852897577,-0.29662348361828017,1.3855171196203642,0.32201028083009875,0.0827317980046401,0.08461532231911585,2.6076601107517865
linear+quadratic,1200.0,0,-33.83140960779091,-2.5733238696424157,0.18595615115808706,0.5064443876896668,1.359533820236465,0.7299757385661033,0.11795838827960388,0.14804341007796853,2.682359645697827
linear+quadratic,1200.0,1,-33.620925964875994,-2.4574728592546693,0.3207787699931186,0.8379300762672293,1.3619014828169085,0.7351671074563102,0.11771547344064291,0.17196645465925972,3.320566849779022
linear+quadratic,1200.0,2,-33.803546031072216,-2.576147441223822,0.22254345488820215,-0.1496651853587494,1.3635951582027523,0.737873837040979,0.11986820630981439,0.09993963767218682,0.5272557961830313
