heat_tau,method,a_error
0.5,Roper,-60.567735600230655
0.5,whole-curve fit,0.13265333088573195
0.5,PINN + switch,0.10474639735177926
0.5,Roper,-61.787603868397845
0.5,whole-curve fit,-0.2158039387482602
0.5,PINN + switch,-0.21755617759226797
1.0,Roper,-36.15251517607805
1.0,whole-curve fit,0.07641581831066557
1.0,PINN + switch,0.05994006766350812
1.0,Roper,-36.77379346769641
1.0,whole-curve fit,0.15202258282073777
1.0,PINN + switch,0.1540979390450975
2.0,Roper,-15.615646750864935
2.0,whole-curve fit,0.01620133657311007
2.0,PINN + switch,-0.013340051153540311
2.0,Roper,-13.66425757074584
2.0,whole-curve fit,0.34243957830550065
2.0,PINN + switch,0.3460816319619392
5.0,Roper,1.1131717697340642
5.0,whole-curve fit,-0.039033757510839595
5.0,PINN + switch,-0.06997574545226926
5.0,Roper,0.4517046397235214
5.0,whole-curve fit,0.13266757891364223
5.0,PINN + switch,0.030801677292024987
