experiment,switch,seed,a_err_pct,tau_err_pct
"full  (heat 5τ, cool 5τ)",False,0,10.034264995741115,-11.763144171770099
"full  (heat 5τ, cool 5τ)",False,1,1.618992035306868,-1.4025678796703953
"full  (heat 5τ, cool 5τ)",False,2,9.276428218457255,-9.85433481963319
"full  (heat 5τ, cool 5τ)",False,3,-14.945987885939065,14.504488665587038
"full  (heat 5τ, cool 5τ)",False,4,-29.308254392522517,38.614765798013195
"full  (heat 5τ, cool 5τ)",True,0,-0.004129789992410315,-0.08438612713414766
"full  (heat 5τ, cool 5τ)",True,1,-0.6523036555701467,0.6665495428812278
"full  (heat 5τ, cool 5τ)",True,2,0.18156594655173441,-0.2804498228762971
"full  (heat 5τ, cool 5τ)",True,3,0.003764641412620784,-0.08646158671971686
"full  (heat 5τ, cool 5τ)",True,4,-0.060746322837895717,-0.045412412192187425
"short (heat 1τ, cool 2τ)",False,0,-6.326441232015632,6.95401455206966
"short (heat 1τ, cool 2τ)",False,1,-0.11794843619226947,-0.5107881280068227
"short (heat 1τ, cool 2τ)",False,2,0.14298355806394158,-0.4868530690724053
"short (heat 1τ, cool 2τ)",False,3,-0.12955545715473415,-0.4652843455311313
"short (heat 1τ, cool 2τ)",False,4,-0.14170687821545014,-0.1824857471682435
"short (heat 1τ, cool 2τ)",True,0,-0.047001804521704105,-0.1561425072147813
"short (heat 1τ, cool 2τ)",True,1,-0.0533189000012646,-0.14657914928862206
"short (heat 1τ, cool 2τ)",True,2,-0.0063156009532661095,-0.22328793486294293
"short (heat 1τ, cool 2τ)",True,3,-0.0556300324937864,-0.1458580596338758
"short (heat 1τ, cool 2τ)",True,4,-0.05249716400392013,-0.14986750303408294
